{
  "Packages": [
    {
      "Package": {
        "Id": "CV.Core",
        "Version": "1.0.5579.35224"
      },
      "Assemblies": [
        "C:\\Users\\m1046938\\.nuget\\packages\\cv.core/1.0.5579.35224\\lib/net451/CV.Core.dll"
      ]
    },
    {
      "Package": {
        "Id": "Google.Cloud.Vision.V1",
        "Version": "1.6.0"
      },
      "Assemblies": [
        "C:\\Users\\m1046938\\.nuget\\packages\\google.api.commonprotos/1.7.0\\lib/net45/Google.Api.CommonProtos.dll",
        "C:\\Users\\m1046938\\.nuget\\packages\\google.api.gax/2.9.0\\lib/net45/Google.Api.Gax.dll",
        "C:\\Users\\m1046938\\.nuget\\packages\\google.api.gax.grpc/2.9.0\\lib/net45/Google.Api.Gax.Grpc.dll",
        "C:\\Users\\m1046938\\.nuget\\packages\\google.apis/1.40.2\\lib/net45/Google.Apis.PlatformServices.dll",
        "C:\\Users\\m1046938\\.nuget\\packages\\google.apis/1.40.2\\lib/net45/Google.Apis.dll",
        "C:\\Users\\m1046938\\.nuget\\packages\\google.apis.auth/1.40.2\\lib/net45/Google.Apis.Auth.PlatformServices.dll",
        "C:\\Users\\m1046938\\.nuget\\packages\\google.apis.auth/1.40.2\\lib/net45/Google.Apis.Auth.dll",
        "C:\\Users\\m1046938\\.nuget\\packages\\google.apis.core/1.40.2\\lib/net45/Google.Apis.Core.dll",
        "C:\\Users\\m1046938\\.nuget\\packages\\google.cloud.vision.v1/1.6.0\\lib/net45/Google.Cloud.Vision.V1.dll",
        "C:\\Users\\m1046938\\.nuget\\packages\\google.longrunning/1.1.0\\lib/net45/Google.LongRunning.dll",
        "C:\\Users\\m1046938\\.nuget\\packages\\google.protobuf/3.8.0\\lib/net45/Google.Protobuf.dll",
        "C:\\Users\\m1046938\\.nuget\\packages\\grpc.auth/1.22.0\\lib/net45/Grpc.Auth.dll",
        "C:\\Users\\m1046938\\.nuget\\packages\\grpc.core/1.22.0\\lib/net45/Grpc.Core.dll",
        "C:\\Users\\m1046938\\.nuget\\packages\\grpc.core.api/1.22.0\\lib/net45/Grpc.Core.Api.dll",
        "C:\\Users\\m1046938\\.nuget\\packages\\newtonsoft.json/11.0.2\\lib/net45/Newtonsoft.Json.dll",
        "C:\\Users\\m1046938\\.nuget\\packages\\system.interactive.async/3.2.0\\lib/net46/System.Interactive.Async.dll"
      ]
    },
    {
      "Package": {
        "Id": "Google.Vision",
        "Version": "0.15.0"
      },
      "Assemblies": [
        "C:\\Users\\m1046938\\.nuget\\packages\\carbon.jose/0.25.0\\lib/netstandard2.0/Carbon.Jose.dll",
        "C:\\Users\\m1046938\\.nuget\\packages\\carbon.json/1.9.0\\lib/netstandard2.0/Carbon.Json.dll",
        "C:\\Users\\m1046938\\.nuget\\packages\\carbon.oauth2/0.19.0\\lib/netstandard2.0/Carbon.OAuth2.dll",
        "C:\\Users\\m1046938\\.nuget\\packages\\carbon.time/1.11.0\\lib/netstandard2.0/Carbon.Time.dll",
        "C:\\Users\\m1046938\\.nuget\\packages\\google.authentication/0.25.0\\lib/netstandard2.0/Google.Authentication.dll",
        "C:\\Users\\m1046938\\.nuget\\packages\\google.vision/0.15.0\\lib/netstandard2.0/Google.Vision.dll",
        "C:\\Users\\m1046938\\.nuget\\packages\\system.buffers/4.4.0\\lib/netstandard2.0/System.Buffers.dll",
        "C:\\Users\\m1046938\\.nuget\\packages\\system.memory/4.5.3\\lib/netstandard2.0/System.Memory.dll",
        "C:\\Users\\m1046938\\.nuget\\packages\\system.numerics.vectors/4.4.0\\lib/net46/System.Numerics.Vectors.dll",
        "C:\\Users\\m1046938\\.nuget\\packages\\system.runtime.compilerservices.unsafe/4.5.2\\lib/netstandard2.0/System.Runtime.CompilerServices.Unsafe.dll",
        "C:\\Users\\m1046938\\.nuget\\packages\\system.text.encodings.web/4.5.0\\lib/netstandard2.0/System.Text.Encodings.Web.dll",
        "C:\\Users\\m1046938\\.nuget\\packages\\system.threading.tasks.extensions/4.5.3\\lib/netstandard2.0/System.Threading.Tasks.Extensions.dll"
      ]
    },
    {
      "Package": {
        "Id": "Microsoft.Azure.CognitiveServices.Vision.ComputerVision",
        "Version": "5.0.0"
      },
      "Assemblies": [
        "C:\\Users\\m1046938\\.nuget\\packages\\microsoft.azure.cognitiveservices.vision.computervision/5.0.0\\lib/net452/Microsoft.Azure.CognitiveServices.Vision.ComputerVision.dll",
        "C:\\Users\\m1046938\\.nuget\\packages\\microsoft.rest.clientruntime/2.3.20\\lib/net461/Microsoft.Rest.ClientRuntime.dll",
        "C:\\Users\\m1046938\\.nuget\\packages\\microsoft.rest.clientruntime.azure/3.3.19\\lib/net461/Microsoft.Rest.ClientRuntime.Azure.dll",
        "C:\\Users\\m1046938\\.nuget\\packages\\newtonsoft.json/11.0.2\\lib/net45/Newtonsoft.Json.dll"
      ]
    },
    {
      "Package": {
        "Id": "UiPath.ComputerVision.Activities",
        "Version": "2.0.1"
      },
      "Assemblies": [
        "C:\\Users\\m1046938\\.nuget\\packages\\avalonedit/5.0.3\\lib/Net40/ICSharpCode.AvalonEdit.dll",
        "C:\\Users\\m1046938\\.nuget\\packages\\extended.wpf.toolkit/2.8.0\\lib/net40/Xceed.Wpf.AvalonDock.Themes.Aero.dll",
        "C:\\Users\\m1046938\\.nuget\\packages\\extended.wpf.toolkit/2.8.0\\lib/net40/Xceed.Wpf.AvalonDock.Themes.Metro.dll",
        "C:\\Users\\m1046938\\.nuget\\packages\\extended.wpf.toolkit/2.8.0\\lib/net40/Xceed.Wpf.AvalonDock.Themes.VS2010.dll",
        "C:\\Users\\m1046938\\.nuget\\packages\\extended.wpf.toolkit/2.8.0\\lib/net40/Xceed.Wpf.AvalonDock.dll",
        "C:\\Users\\m1046938\\.nuget\\packages\\extended.wpf.toolkit/2.8.0\\lib/net40/Xceed.Wpf.DataGrid.dll",
        "C:\\Users\\m1046938\\.nuget\\packages\\extended.wpf.toolkit/2.8.0\\lib/net40/Xceed.Wpf.Toolkit.dll",
        "C:\\Users\\m1046938\\.nuget\\packages\\humanizer.core/2.4.2\\lib/netstandard2.0/Humanizer.dll",
        "C:\\Users\\m1046938\\.nuget\\packages\\newtonsoft.json/11.0.2\\lib/net45/Newtonsoft.Json.dll",
        "C:\\Users\\m1046938\\.nuget\\packages\\uipath/19.4.7054.14370\\lib/UiPath.Interop.dll",
        "C:\\Users\\m1046938\\.nuget\\packages\\uipath.computervision.activities/2.0.1\\lib/net461/UiPath.CV.Activities.Design.dll",
        "C:\\Users\\m1046938\\.nuget\\packages\\uipath.computervision.activities/2.0.1\\lib/net461/UiPath.CV.Activities.dll",
        "C:\\Users\\m1046938\\.nuget\\packages\\uipath.computervision.activities/2.0.1\\lib/net461/UiPath.CV.dll",
        "C:\\Users\\m1046938\\.nuget\\packages\\uipath.ocr.contracts/2.1.0\\lib/net45/UiPath.OCR.Contracts.dll",
        "C:\\Users\\m1046938\\.nuget\\packages\\uipath.uiautomation.activities/19.4.1\\lib/net461/ActiproSoftware.DataGrid.Contrib.Wpf.dll",
        "C:\\Users\\m1046938\\.nuget\\packages\\uipath.uiautomation.activities/19.4.1\\lib/net461/ActiproSoftware.Docking.Wpf.dll",
        "C:\\Users\\m1046938\\.nuget\\packages\\uipath.uiautomation.activities/19.4.1\\lib/net461/ActiproSoftware.Editors.Wpf.dll",
        "C:\\Users\\m1046938\\.nuget\\packages\\uipath.uiautomation.activities/19.4.1\\lib/net461/ActiproSoftware.Ribbon.Wpf.dll",
        "C:\\Users\\m1046938\\.nuget\\packages\\uipath.uiautomation.activities/19.4.1\\lib/net461/ActiproSoftware.Shared.Wpf.dll",
        "C:\\Users\\m1046938\\.nuget\\packages\\uipath.uiautomation.activities/19.4.1\\lib/net461/ActiproSoftware.SyntaxEditor.Addons.DotNet.Wpf.dll",
        "C:\\Users\\m1046938\\.nuget\\packages\\uipath.uiautomation.activities/19.4.1\\lib/net461/ActiproSoftware.SyntaxEditor.Wpf.dll",
        "C:\\Users\\m1046938\\.nuget\\packages\\uipath.uiautomation.activities/19.4.1\\lib/net461/ActiproSoftware.Text.Addons.DotNet.Wpf.dll",
        "C:\\Users\\m1046938\\.nuget\\packages\\uipath.uiautomation.activities/19.4.1\\lib/net461/ActiproSoftware.Text.LLParser.Wpf.dll",
        "C:\\Users\\m1046938\\.nuget\\packages\\uipath.uiautomation.activities/19.4.1\\lib/net461/ActiproSoftware.Text.Wpf.dll",
        "C:\\Users\\m1046938\\.nuget\\packages\\uipath.uiautomation.activities/19.4.1\\lib/net461/ActiproSoftware.Wizard.Wpf.dll",
        "C:\\Users\\m1046938\\.nuget\\packages\\uipath.uiautomation.activities/19.4.1\\lib/net461/UiPath.UIAutomation.Activities.Design.dll",
        "C:\\Users\\m1046938\\.nuget\\packages\\uipath.uiautomation.activities/19.4.1\\lib/net461/UiPath.UiAutomation.Activities.dll",
        "C:\\Users\\m1046938\\.nuget\\packages\\uipath.uiautomation.activities/19.4.1\\lib/net461/UiPath.Wizards.dll",
        "C:\\Users\\m1046938\\.nuget\\packages\\uipath.vision/1.7.0\\lib/net452/UiPath.Vision.AbbyyCloud.dll",
        "C:\\Users\\m1046938\\.nuget\\packages\\uipath.vision/1.7.0\\lib/net452/UiPath.Vision.AbbyyFRE11.dll",
        "C:\\Users\\m1046938\\.nuget\\packages\\uipath.vision/1.7.0\\lib/net452/UiPath.Vision.AbbyyFRE12.dll",
        "C:\\Users\\m1046938\\.nuget\\packages\\uipath.vision/1.7.0\\lib/net452/UiPath.Vision.AbbyyFRECommon.dll",
        "C:\\Users\\m1046938\\.nuget\\packages\\uipath.vision/1.7.0\\lib/net452/UiPath.Vision.AzureComputerVision.dll",
        "C:\\Users\\m1046938\\.nuget\\packages\\uipath.vision/1.7.0\\lib/net452/UiPath.Vision.Core.dll",
        "C:\\Users\\m1046938\\.nuget\\packages\\uipath.vision/1.7.0\\lib/net452/UiPath.Vision.GoogleCloud.dll",
        "C:\\Users\\m1046938\\.nuget\\packages\\uipath.vision/1.7.0\\lib/net452/UiPath.Vision.Microsoft.dll",
        "C:\\Users\\m1046938\\.nuget\\packages\\uipath.vision/1.7.0\\lib/net452/UiPath.Vision.MicrosoftCloud.dll",
        "C:\\Users\\m1046938\\.nuget\\packages\\uipath.vision/1.7.0\\lib/net452/UiPath.Vision.Tesseract.dll",
        "C:\\Users\\m1046938\\.nuget\\packages\\uipath.vision/1.7.0\\lib/net452/UiPath.Vision.dll"
      ]
    },
    {
      "Package": {
        "Id": "UiPath.Excel.Activities",
        "Version": "2.6.3"
      },
      "Assemblies": [
        "C:\\Users\\m1046938\\.nuget\\packages\\closedxml/0.87.1\\lib/net40/ClosedXML.dll",
        "C:\\Users\\m1046938\\.nuget\\packages\\csvhelper/2.13.5\\lib/net40-client/CsvHelper.dll",
        "C:\\Users\\m1046938\\.nuget\\packages\\documentformat.openxml/2.5.0\\lib/DocumentFormat.OpenXml.dll",
        "C:\\Users\\m1046938\\.nuget\\packages\\microsoft.visualstudio.ole.interop/7.10.6071\\lib/Microsoft.VisualStudio.OLE.Interop.dll",
        "C:\\Users\\m1046938\\.nuget\\packages\\npoi/2.4.1\\lib/net45/NPOI.OOXML.dll",
        "C:\\Users\\m1046938\\.nuget\\packages\\npoi/2.4.1\\lib/net45/NPOI.OpenXml4Net.dll",
        "C:\\Users\\m1046938\\.nuget\\packages\\npoi/2.4.1\\lib/net45/NPOI.OpenXmlFormats.dll",
        "C:\\Users\\m1046938\\.nuget\\packages\\npoi/2.4.1\\lib/net45/NPOI.dll",
        "C:\\Users\\m1046938\\.nuget\\packages\\sharpziplib/1.0.0\\lib/net45/ICSharpCode.SharpZipLib.dll",
        "C:\\Users\\m1046938\\.nuget\\packages\\uipath.excel.activities/2.6.3\\lib/net461/UiPath.Excel.Activities.Design.dll",
        "C:\\Users\\m1046938\\.nuget\\packages\\uipath.excel.activities/2.6.3\\lib/net461/UiPath.Excel.Activities.dll",
        "C:\\Users\\m1046938\\.nuget\\packages\\uipath.excel.activities/2.6.3\\lib/net461/UiPath.Excel.dll"
      ]
    },
    {
      "Package": {
        "Id": "UiPath.GoogleVision.Activities",
        "Version": "1.1.0"
      },
      "Assemblies": [
        "C:\\Users\\m1046938\\.nuget\\packages\\google.apis/1.40.2\\lib/net45/Google.Apis.PlatformServices.dll",
        "C:\\Users\\m1046938\\.nuget\\packages\\google.apis/1.40.2\\lib/net45/Google.Apis.dll",
        "C:\\Users\\m1046938\\.nuget\\packages\\google.apis.auth/1.40.2\\lib/net45/Google.Apis.Auth.PlatformServices.dll",
        "C:\\Users\\m1046938\\.nuget\\packages\\google.apis.auth/1.40.2\\lib/net45/Google.Apis.Auth.dll",
        "C:\\Users\\m1046938\\.nuget\\packages\\google.apis.core/1.40.2\\lib/net45/Google.Apis.Core.dll",
        "C:\\Users\\m1046938\\.nuget\\packages\\google.apis.vision.v1/1.38.0.1495\\lib/net45/Google.Apis.Vision.v1.dll",
        "C:\\Users\\m1046938\\.nuget\\packages\\newtonsoft.json/11.0.2\\lib/net45/Newtonsoft.Json.dll",
        "C:\\Users\\m1046938\\.nuget\\packages\\uipath.googlevision.activities/1.1.0\\lib/net461/UiPath.GoogleVision.Activities.Design.dll",
        "C:\\Users\\m1046938\\.nuget\\packages\\uipath.googlevision.activities/1.1.0\\lib/net461/UiPath.GoogleVision.Activities.dll",
        "C:\\Users\\m1046938\\.nuget\\packages\\uipath.googlevision.activities/1.1.0\\lib/net461/UiPath.GoogleVision.dll"
      ]
    },
    {
      "Package": {
        "Id": "UiPath.Mail.Activities",
        "Version": "1.6.0"
      },
      "Assemblies": [
        "C:\\Users\\m1046938\\.nuget\\packages\\bouncycastle/1.8.5\\lib/BouncyCastle.Crypto.dll",
        "C:\\Users\\m1046938\\.nuget\\packages\\interop.domino.dll/1.0.0\\lib/Interop.Domino.dll",
        "C:\\Users\\m1046938\\.nuget\\packages\\microsoft.exchange.webservices/2.2.0\\lib/40/Microsoft.Exchange.WebServices.Auth.dll",
        "C:\\Users\\m1046938\\.nuget\\packages\\microsoft.exchange.webservices/2.2.0\\lib/40/Microsoft.Exchange.WebServices.dll",
        "C:\\Users\\m1046938\\.nuget\\packages\\microsoft.extensions.filesystemglobbing/2.2.0\\lib/netstandard2.0/Microsoft.Extensions.FileSystemGlobbing.dll",
        "C:\\Users\\m1046938\\.nuget\\packages\\system.valuetuple/4.5.0\\lib/net461/System.ValueTuple.dll",
        "C:\\Users\\m1046938\\.nuget\\packages\\uipath.mail.activities/1.6.0\\lib/net461/MailKit.dll",
        "C:\\Users\\m1046938\\.nuget\\packages\\uipath.mail.activities/1.6.0\\lib/net461/MimeKit.dll",
        "C:\\Users\\m1046938\\.nuget\\packages\\uipath.mail.activities/1.6.0\\lib/net461/UiPath.Mail.Activities.Design.dll",
        "C:\\Users\\m1046938\\.nuget\\packages\\uipath.mail.activities/1.6.0\\lib/net461/UiPath.Mail.Activities.dll",
        "C:\\Users\\m1046938\\.nuget\\packages\\uipath.mail.activities/1.6.0\\lib/net461/UiPath.Mail.dll"
      ]
    },
    {
      "Package": {
        "Id": "UiPath.MicrosoftVision.Activities",
        "Version": "2.1.0"
      },
      "Assemblies": [
        "C:\\Users\\m1046938\\.nuget\\packages\\microsoft.azure.cognitiveservices.vision.computervision/5.0.0\\lib/net452/Microsoft.Azure.CognitiveServices.Vision.ComputerVision.dll",
        "C:\\Users\\m1046938\\.nuget\\packages\\microsoft.rest.clientruntime/2.3.20\\lib/net461/Microsoft.Rest.ClientRuntime.dll",
        "C:\\Users\\m1046938\\.nuget\\packages\\microsoft.rest.clientruntime.azure/3.3.19\\lib/net461/Microsoft.Rest.ClientRuntime.Azure.dll",
        "C:\\Users\\m1046938\\.nuget\\packages\\newtonsoft.json/11.0.2\\lib/net45/Newtonsoft.Json.dll",
        "C:\\Users\\m1046938\\.nuget\\packages\\uipath.microsoftvision.activities/2.1.0\\lib/net461/UiPath.MicrosoftVision.Activities.Design.dll",
        "C:\\Users\\m1046938\\.nuget\\packages\\uipath.microsoftvision.activities/2.1.0\\lib/net461/UiPath.MicrosoftVision.Activities.dll",
        "C:\\Users\\m1046938\\.nuget\\packages\\uipath.microsoftvision.activities/2.1.0\\lib/net461/UiPath.MicrosoftVision.dll"
      ]
    },
    {
      "Package": {
        "Id": "UiPath.OCR.Contracts",
        "Version": "2.1.0"
      },
      "Assemblies": [
        "C:\\Users\\m1046938\\.nuget\\packages\\uipath.ocr.contracts/2.1.0\\lib/net45/UiPath.OCR.Contracts.dll"
      ]
    },
    {
      "Package": {
        "Id": "UiPath.System.Activities",
        "Version": "19.8.0"
      },
      "Assemblies": [
        "C:\\Users\\m1046938\\.nuget\\packages\\csvhelper/2.13.5\\lib/net40-client/CsvHelper.dll",
        "C:\\Users\\m1046938\\.nuget\\packages\\microsoft.aspnet.signalr.client/2.4.0\\lib/net45/Microsoft.AspNet.SignalR.Client.dll",
        "C:\\Users\\m1046938\\.nuget\\packages\\microsoft.extensions.filesystemglobbing/2.2.0\\lib/netstandard2.0/Microsoft.Extensions.FileSystemGlobbing.dll",
        "C:\\Users\\m1046938\\.nuget\\packages\\microsoft.rest.clientruntime/2.3.20\\lib/net461/Microsoft.Rest.ClientRuntime.dll",
        "C:\\Users\\m1046938\\.nuget\\packages\\newtonsoft.json/11.0.2\\lib/net45/Newtonsoft.Json.dll",
        "C:\\Users\\m1046938\\.nuget\\packages\\uipath.system.activities/19.8.0\\lib/net461/ActiproSoftware.Docking.Wpf.dll",
        "C:\\Users\\m1046938\\.nuget\\packages\\uipath.system.activities/19.8.0\\lib/net461/ActiproSoftware.Ribbon.Wpf.dll",
        "C:\\Users\\m1046938\\.nuget\\packages\\uipath.system.activities/19.8.0\\lib/net461/ActiproSoftware.Shared.Wpf.dll",
        "C:\\Users\\m1046938\\.nuget\\packages\\uipath.system.activities/19.8.0\\lib/net461/ActiproSoftware.SyntaxEditor.Addons.DotNet.Wpf.dll",
        "C:\\Users\\m1046938\\.nuget\\packages\\uipath.system.activities/19.8.0\\lib/net461/ActiproSoftware.SyntaxEditor.Wpf.dll",
        "C:\\Users\\m1046938\\.nuget\\packages\\uipath.system.activities/19.8.0\\lib/net461/ActiproSoftware.Text.Addons.DotNet.Wpf.dll",
        "C:\\Users\\m1046938\\.nuget\\packages\\uipath.system.activities/19.8.0\\lib/net461/ActiproSoftware.Text.LLParser.Wpf.dll",
        "C:\\Users\\m1046938\\.nuget\\packages\\uipath.system.activities/19.8.0\\lib/net461/ActiproSoftware.Text.Wpf.dll",
        "C:\\Users\\m1046938\\.nuget\\packages\\uipath.system.activities/19.8.0\\lib/net461/ActiproSoftware.Wizard.Wpf.dll",
        "C:\\Users\\m1046938\\.nuget\\packages\\uipath.system.activities/19.8.0\\lib/net461/UiPath.OrchestratorClient.dll",
        "C:\\Users\\m1046938\\.nuget\\packages\\uipath.system.activities/19.8.0\\lib/net461/UiPath.System.Activities.Design.dll",
        "C:\\Users\\m1046938\\.nuget\\packages\\uipath.system.activities/19.8.0\\lib/net461/UiPath.System.Activities.dll"
      ]
    },
    {
      "Package": {
        "Id": "UiPath.Vision",
        "Version": "1.7.0"
      },
      "Assemblies": [
        "C:\\Users\\m1046938\\.nuget\\packages\\uipath.vision/1.7.0\\lib/net452/UiPath.Vision.AbbyyCloud.dll",
        "C:\\Users\\m1046938\\.nuget\\packages\\uipath.vision/1.7.0\\lib/net452/UiPath.Vision.AbbyyFRE11.dll",
        "C:\\Users\\m1046938\\.nuget\\packages\\uipath.vision/1.7.0\\lib/net452/UiPath.Vision.AbbyyFRE12.dll",
        "C:\\Users\\m1046938\\.nuget\\packages\\uipath.vision/1.7.0\\lib/net452/UiPath.Vision.AbbyyFRECommon.dll",
        "C:\\Users\\m1046938\\.nuget\\packages\\uipath.vision/1.7.0\\lib/net452/UiPath.Vision.AzureComputerVision.dll",
        "C:\\Users\\m1046938\\.nuget\\packages\\uipath.vision/1.7.0\\lib/net452/UiPath.Vision.Core.dll",
        "C:\\Users\\m1046938\\.nuget\\packages\\uipath.vision/1.7.0\\lib/net452/UiPath.Vision.GoogleCloud.dll",
        "C:\\Users\\m1046938\\.nuget\\packages\\uipath.vision/1.7.0\\lib/net452/UiPath.Vision.Microsoft.dll",
        "C:\\Users\\m1046938\\.nuget\\packages\\uipath.vision/1.7.0\\lib/net452/UiPath.Vision.MicrosoftCloud.dll",
        "C:\\Users\\m1046938\\.nuget\\packages\\uipath.vision/1.7.0\\lib/net452/UiPath.Vision.Tesseract.dll",
        "C:\\Users\\m1046938\\.nuget\\packages\\uipath.vision/1.7.0\\lib/net452/UiPath.Vision.dll"
      ]
    },
    {
      "Package": {
        "Id": "UiPathTeam.Cognitive.Microsoft.ICR.Design",
        "Version": "1.0.6814.41209"
      },
      "Assemblies": [
        "C:\\Users\\m1046938\\.nuget\\packages\\newtonsoft.json/11.0.2\\lib/net45/Newtonsoft.Json.dll",
        "C:\\Users\\m1046938\\.nuget\\packages\\uipathteam.cognitive.microsoft.icr.design/1.0.6814.41209\\lib/net452/UiPathTeam.Cognitive.Microsoft.ICR.Design.dll",
        "C:\\Users\\m1046938\\.nuget\\packages\\uipathteam.cognitive.microsoft.icr.design/1.0.6814.41209\\lib/net452/UiPathTeam.Microsoft.ICR.Activities.dll"
      ]
    },
    {
      "Package": {
        "Id": "UiPathTeam.Cognitive.Microsoft.OCR.Design",
        "Version": "1.0.6814.41316"
      },
      "Assemblies": [
        "C:\\Users\\m1046938\\.nuget\\packages\\newtonsoft.json/11.0.2\\lib/net45/Newtonsoft.Json.dll",
        "C:\\Users\\m1046938\\.nuget\\packages\\uipathteam.cognitive.microsoft.ocr.design/1.0.6814.41316\\lib/net452/UiPathTeam.Cognitive.Microsoft.OCR.Design.dll",
        "C:\\Users\\m1046938\\.nuget\\packages\\uipathteam.cognitive.microsoft.ocr.design/1.0.6814.41316\\lib/net452/UiPathTeam.VisionOCR.Activities.dll"
      ]
    },
    {
      "Package": {
        "Id": "UiPathTeam.Cognitive.Microsoft.SensitiveImageDesign",
        "Version": "1.0.6827.19122"
      },
      "Assemblies": [
        "C:\\Users\\m1046938\\.nuget\\packages\\newtonsoft.json/11.0.2\\lib/net45/Newtonsoft.Json.dll",
        "C:\\Users\\m1046938\\.nuget\\packages\\uipathteam.cognitive.microsoft.sensitiveimagedesign/1.0.6827.19122\\lib/net452/ImageSensitivityDetection.dll",
        "C:\\Users\\m1046938\\.nuget\\packages\\uipathteam.cognitive.microsoft.sensitiveimagedesign/1.0.6827.19122\\lib/net452/UiPathTeam.Cognitive.Microsoft.SensitiveImageDesign.dll"
      ]
    },
    {
      "Package": {
        "Id": "UiPathTeam.TaggingImagesDesigner",
        "Version": "1.0.6816.25126"
      },
      "Assemblies": [
        "C:\\Users\\m1046938\\.nuget\\packages\\newtonsoft.json/11.0.2\\lib/net45/Newtonsoft.Json.dll",
        "C:\\Users\\m1046938\\.nuget\\packages\\uipathteam.taggingimagesdesigner/1.0.6816.25126\\lib/net452/TaggingImageActivities.dll",
        "C:\\Users\\m1046938\\.nuget\\packages\\uipathteam.taggingimagesdesigner/1.0.6816.25126\\lib/net452/TaggingImagesDesigner.dll"
      ]
    }
  ],
  "Conflicts": [],
  "ResolvedDependencies": {
    "AvalonEdit": {
      "Id": "AvalonEdit",
      "Version": "5.0.3",
      "Dependencies": []
    },
    "BouncyCastle": {
      "Id": "BouncyCastle",
      "Version": "1.8.5",
      "Dependencies": []
    },
    "Carbon.Jose": {
      "Id": "Carbon.Jose",
      "Version": "0.25.0",
      "Dependencies": [
        {
          "Item1": "Carbon.Json",
          "Item2": "[1.9.0, )"
        },
        {
          "Item1": "Carbon.Time",
          "Item2": "[1.11.0, )"
        },
        {
          "Item1": "System.Memory",
          "Item2": "[4.5.3, )"
        },
        {
          "Item1": "System.Threading.Tasks.Extensions",
          "Item2": "[4.5.3, )"
        }
      ]
    },
    "Carbon.Json": {
      "Id": "Carbon.Json",
      "Version": "1.9.0",
      "Dependencies": [
        {
          "Item1": "System.Text.Encodings.Web",
          "Item2": "[4.5.0, )"
        }
      ]
    },
    "Carbon.OAuth2": {
      "Id": "Carbon.OAuth2",
      "Version": "0.19.0",
      "Dependencies": [
        {
          "Item1": "Carbon.Json",
          "Item2": "[1.9.0, )"
        }
      ]
    },
    "Carbon.Time": {
      "Id": "Carbon.Time",
      "Version": "1.11.0",
      "Dependencies": []
    },
    "ClosedXML": {
      "Id": "ClosedXML",
      "Version": "0.87.1",
      "Dependencies": [
        {
          "Item1": "DocumentFormat.OpenXml",
          "Item2": "[2.5.0, )"
        }
      ]
    },
    "CsvHelper": {
      "Id": "CsvHelper",
      "Version": "2.13.5",
      "Dependencies": []
    },
    "CV.Core": {
      "Id": "CV.Core",
      "Version": "1.0.5579.35224",
      "Dependencies": []
    },
    "DocumentFormat.OpenXml": {
      "Id": "DocumentFormat.OpenXml",
      "Version": "2.5.0",
      "Dependencies": []
    },
    "Extended.Wpf.Toolkit": {
      "Id": "Extended.Wpf.Toolkit",
      "Version": "2.8.0",
      "Dependencies": []
    },
    "Google.Api.CommonProtos": {
      "Id": "Google.Api.CommonProtos",
      "Version": "1.7.0",
      "Dependencies": [
        {
          "Item1": "Google.Protobuf",
          "Item2": "[3.8.0, )"
        }
      ]
    },
    "Google.Api.Gax": {
      "Id": "Google.Api.Gax",
      "Version": "2.9.0",
      "Dependencies": [
        {
          "Item1": "Newtonsoft.Json",
          "Item2": "[11.0.2, )"
        },
        {
          "Item1": "System.Interactive.Async",
          "Item2": "[3.2.0, )"
        }
      ]
    },
    "Google.Api.Gax.Grpc": {
      "Id": "Google.Api.Gax.Grpc",
      "Version": "2.9.0",
      "Dependencies": [
        {
          "Item1": "Google.Api.CommonProtos",
          "Item2": "[1.7.0, )"
        },
        {
          "Item1": "Google.Api.Gax",
          "Item2": "[2.9.0, )"
        },
        {
          "Item1": "Google.Apis.Auth",
          "Item2": "[1.40.2, )"
        },
        {
          "Item1": "Grpc.Auth",
          "Item2": "[1.22.0, )"
        },
        {
          "Item1": "Grpc.Core",
          "Item2": "[1.22.0, )"
        }
      ]
    },
    "Google.Apis": {
      "Id": "Google.Apis",
      "Version": "1.40.2",
      "Dependencies": [
        {
          "Item1": "Google.Apis.Core",
          "Item2": "[1.40.2, )"
        },
        {
          "Item1": "Newtonsoft.Json",
          "Item2": "[10.0.2, )"
        }
      ]
    },
    "Google.Apis.Auth": {
      "Id": "Google.Apis.Auth",
      "Version": "1.40.2",
      "Dependencies": [
        {
          "Item1": "Google.Apis.Core",
          "Item2": "[1.40.2, )"
        },
        {
          "Item1": "Google.Apis",
          "Item2": "[1.40.2, )"
        }
      ]
    },
    "Google.Apis.Core": {
      "Id": "Google.Apis.Core",
      "Version": "1.40.2",
      "Dependencies": [
        {
          "Item1": "Newtonsoft.Json",
          "Item2": "[10.0.2, )"
        }
      ]
    },
    "Google.Apis.Vision.v1": {
      "Id": "Google.Apis.Vision.v1",
      "Version": "1.38.0.1495",
      "Dependencies": [
        {
          "Item1": "Google.Apis",
          "Item2": "[1.38.0, )"
        },
        {
          "Item1": "Google.Apis.Auth",
          "Item2": "[1.38.0, )"
        }
      ]
    },
    "Google.Authentication": {
      "Id": "Google.Authentication",
      "Version": "0.25.0",
      "Dependencies": [
        {
          "Item1": "Carbon.Jose",
          "Item2": "[0.25.0, )"
        },
        {
          "Item1": "Carbon.OAuth2",
          "Item2": "[0.19.0, )"
        }
      ]
    },
    "Google.Cloud.Vision.V1": {
      "Id": "Google.Cloud.Vision.V1",
      "Version": "1.6.0",
      "Dependencies": [
        {
          "Item1": "Google.Api.Gax.Grpc",
          "Item2": "[2.9.0, )"
        },
        {
          "Item1": "Google.LongRunning",
          "Item2": "[1.1.0, )"
        },
        {
          "Item1": "Grpc.Core",
          "Item2": "[1.22.0, )"
        }
      ]
    },
    "Google.LongRunning": {
      "Id": "Google.LongRunning",
      "Version": "1.1.0",
      "Dependencies": [
        {
          "Item1": "Google.Api.Gax.Grpc",
          "Item2": "[2.6.0, )"
        },
        {
          "Item1": "Grpc.Core",
          "Item2": "[1.18.0, )"
        }
      ]
    },
    "Google.Protobuf": {
      "Id": "Google.Protobuf",
      "Version": "3.8.0",
      "Dependencies": []
    },
    "Google.Vision": {
      "Id": "Google.Vision",
      "Version": "0.15.0",
      "Dependencies": [
        {
          "Item1": "Google.Authentication",
          "Item2": "[0.25.0, )"
        }
      ]
    },
    "Grpc.Auth": {
      "Id": "Grpc.Auth",
      "Version": "1.22.0",
      "Dependencies": [
        {
          "Item1": "Grpc.Core",
          "Item2": "[1.22.0, )"
        },
        {
          "Item1": "Google.Apis.Auth",
          "Item2": "[1.21.0, )"
        }
      ]
    },
    "Grpc.Core": {
      "Id": "Grpc.Core",
      "Version": "1.22.0",
      "Dependencies": [
        {
          "Item1": "Grpc.Core.Api",
          "Item2": "[1.22.0, )"
        },
        {
          "Item1": "System.Interactive.Async",
          "Item2": "[3.2.0, )"
        }
      ]
    },
    "Grpc.Core.Api": {
      "Id": "Grpc.Core.Api",
      "Version": "1.22.0",
      "Dependencies": [
        {
          "Item1": "System.Interactive.Async",
          "Item2": "[3.2.0, )"
        }
      ]
    },
    "Humanizer.Core": {
      "Id": "Humanizer.Core",
      "Version": "2.4.2",
      "Dependencies": []
    },
    "interop.domino.dll": {
      "Id": "interop.domino.dll",
      "Version": "1.0.0",
      "Dependencies": []
    },
    "Microsoft.AspNet.SignalR.Client": {
      "Id": "Microsoft.AspNet.SignalR.Client",
      "Version": "2.4.0",
      "Dependencies": [
        {
          "Item1": "Newtonsoft.Json",
          "Item2": "[6.0.4, )"
        }
      ]
    },
    "Microsoft.Azure.CognitiveServices.Vision.ComputerVision": {
      "Id": "Microsoft.Azure.CognitiveServices.Vision.ComputerVision",
      "Version": "5.0.0",
      "Dependencies": [
        {
          "Item1": "Microsoft.Rest.ClientRuntime",
          "Item2": "[2.3.18, 3.0.0)"
        },
        {
          "Item1": "Microsoft.Rest.ClientRuntime.Azure",
          "Item2": "[3.3.18, 4.0.0)"
        },
        {
          "Item1": "Newtonsoft.Json",
          "Item2": "[6.0.8, )"
        }
      ]
    },
    "Microsoft.Exchange.WebServices": {
      "Id": "Microsoft.Exchange.WebServices",
      "Version": "2.2.0",
      "Dependencies": []
    },
    "Microsoft.Extensions.FileSystemGlobbing": {
      "Id": "Microsoft.Extensions.FileSystemGlobbing",
      "Version": "2.2.0",
      "Dependencies": []
    },
    "Microsoft.Rest.ClientRuntime": {
      "Id": "Microsoft.Rest.ClientRuntime",
      "Version": "2.3.20",
      "Dependencies": [
        {
          "Item1": "Newtonsoft.Json",
          "Item2": "[10.0.3, )"
        }
      ]
    },
    "Microsoft.Rest.ClientRuntime.Azure": {
      "Id": "Microsoft.Rest.ClientRuntime.Azure",
      "Version": "3.3.19",
      "Dependencies": [
        {
          "Item1": "Microsoft.Rest.ClientRuntime",
          "Item2": "[2.3.19, 3.0.0)"
        },
        {
          "Item1": "Newtonsoft.Json",
          "Item2": "[10.0.3, )"
        }
      ]
    },
    "Microsoft.VisualStudio.OLE.Interop": {
      "Id": "Microsoft.VisualStudio.OLE.Interop",
      "Version": "7.10.6071",
      "Dependencies": []
    },
    "Newtonsoft.Json": {
      "Id": "Newtonsoft.Json",
      "Version": "11.0.2",
      "Dependencies": []
    },
    "NPOI": {
      "Id": "NPOI",
      "Version": "2.4.1",
      "Dependencies": [
        {
          "Item1": "SharpZipLib",
          "Item2": "[1.0.0, )"
        }
      ]
    },
    "SharpZipLib": {
      "Id": "SharpZipLib",
      "Version": "1.0.0",
      "Dependencies": []
    },
    "System.Buffers": {
      "Id": "System.Buffers",
      "Version": "4.4.0",
      "Dependencies": []
    },
    "System.Interactive.Async": {
      "Id": "System.Interactive.Async",
      "Version": "3.2.0",
      "Dependencies": []
    },
    "System.Memory": {
      "Id": "System.Memory",
      "Version": "4.5.3",
      "Dependencies": [
        {
          "Item1": "System.Buffers",
          "Item2": "[4.4.0, )"
        },
        {
          "Item1": "System.Numerics.Vectors",
          "Item2": "[4.4.0, )"
        },
        {
          "Item1": "System.Runtime.CompilerServices.Unsafe",
          "Item2": "[4.5.2, )"
        }
      ]
    },
    "System.Numerics.Vectors": {
      "Id": "System.Numerics.Vectors",
      "Version": "4.4.0",
      "Dependencies": []
    },
    "System.Runtime.CompilerServices.Unsafe": {
      "Id": "System.Runtime.CompilerServices.Unsafe",
      "Version": "4.5.2",
      "Dependencies": []
    },
    "System.Text.Encodings.Web": {
      "Id": "System.Text.Encodings.Web",
      "Version": "4.5.0",
      "Dependencies": []
    },
    "System.Threading.Tasks.Extensions": {
      "Id": "System.Threading.Tasks.Extensions",
      "Version": "4.5.3",
      "Dependencies": [
        {
          "Item1": "System.Runtime.CompilerServices.Unsafe",
          "Item2": "[4.5.2, )"
        }
      ]
    },
    "System.ValueTuple": {
      "Id": "System.ValueTuple",
      "Version": "4.5.0",
      "Dependencies": []
    },
    "UiPath": {
      "Id": "UiPath",
      "Version": "19.4.7054.14370",
      "Dependencies": []
    },
    "UiPath.ComputerVision.Activities": {
      "Id": "UiPath.ComputerVision.Activities",
      "Version": "2.0.1",
      "Dependencies": [
        {
          "Item1": "UiPath.UIAutomation.Activities",
          "Item2": "[19.4.1, )"
        },
        {
          "Item1": "UiPath.Vision",
          "Item2": "[1.6.0, )"
        },
        {
          "Item1": "UiPath.OCR.Contracts",
          "Item2": "[1.1.0, )"
        },
        {
          "Item1": "Newtonsoft.Json",
          "Item2": "[11.0.2, )"
        }
      ]
    },
    "UiPath.Excel.Activities": {
      "Id": "UiPath.Excel.Activities",
      "Version": "2.6.3",
      "Dependencies": [
        {
          "Item1": "ClosedXML",
          "Item2": "[0.87.1, )"
        },
        {
          "Item1": "CsvHelper",
          "Item2": "[2.13.5, )"
        },
        {
          "Item1": "DocumentFormat.OpenXml",
          "Item2": "[2.5.0, )"
        },
        {
          "Item1": "Microsoft.VisualStudio.OLE.Interop",
          "Item2": "[7.10.6071, )"
        },
        {
          "Item1": "NPOI",
          "Item2": "[2.4.1, )"
        },
        {
          "Item1": "SharpZipLib",
          "Item2": "[1.0.0, )"
        }
      ]
    },
    "UiPath.GoogleVision.Activities": {
      "Id": "UiPath.GoogleVision.Activities",
      "Version": "1.1.0",
      "Dependencies": [
        {
          "Item1": "Google.Apis",
          "Item2": "[1.38.0, )"
        },
        {
          "Item1": "Google.Apis.Auth",
          "Item2": "[1.38.0, )"
        },
        {
          "Item1": "Google.Apis.Vision.v1",
          "Item2": "[1.38.0.1495, )"
        },
        {
          "Item1": "Newtonsoft.Json",
          "Item2": "[10.0.3, )"
        }
      ]
    },
    "UiPath.Mail.Activities": {
      "Id": "UiPath.Mail.Activities",
      "Version": "1.6.0",
      "Dependencies": [
        {
          "Item1": "System.ValueTuple",
          "Item2": "[4.5.0, )"
        },
        {
          "Item1": "Microsoft.Exchange.WebServices",
          "Item2": "[2.2.0, )"
        },
        {
          "Item1": "Microsoft.Extensions.FileSystemGlobbing",
          "Item2": "[2.2.0, )"
        },
        {
          "Item1": "BouncyCastle",
          "Item2": "[1.8.5, )"
        },
        {
          "Item1": "interop.domino.dll",
          "Item2": "[1.0.0, )"
        }
      ]
    },
    "UiPath.MicrosoftVision.Activities": {
      "Id": "UiPath.MicrosoftVision.Activities",
      "Version": "2.1.0",
      "Dependencies": [
        {
          "Item1": "Microsoft.Azure.CognitiveServices.Vision.ComputerVision",
          "Item2": "[5.0.0, )"
        },
        {
          "Item1": "Microsoft.Rest.ClientRuntime",
          "Item2": "[2.3.20, )"
        },
        {
          "Item1": "Microsoft.Rest.ClientRuntime.Azure",
          "Item2": "[3.3.19, )"
        },
        {
          "Item1": "Newtonsoft.Json",
          "Item2": "[10.0.3, )"
        }
      ]
    },
    "UiPath.OCR.Contracts": {
      "Id": "UiPath.OCR.Contracts",
      "Version": "2.1.0",
      "Dependencies": []
    },
    "UiPath.System.Activities": {
      "Id": "UiPath.System.Activities",
      "Version": "19.8.0",
      "Dependencies": [
        {
          "Item1": "CsvHelper",
          "Item2": "[2.13.5, )"
        },
        {
          "Item1": "Microsoft.AspNet.SignalR.Client",
          "Item2": "[2.4.0, )"
        },
        {
          "Item1": "Microsoft.Extensions.FileSystemGlobbing",
          "Item2": "[2.2.0, )"
        },
        {
          "Item1": "Microsoft.Rest.ClientRuntime",
          "Item2": "[2.3.20, )"
        },
        {
          "Item1": "Newtonsoft.Json",
          "Item2": "[11.0.2, )"
        }
      ]
    },
    "UiPath.UIAutomation.Activities": {
      "Id": "UiPath.UIAutomation.Activities",
      "Version": "19.4.1",
      "Dependencies": [
        {
          "Item1": "UiPath.Vision",
          "Item2": "[1.5.0, )"
        },
        {
          "Item1": "AvalonEdit",
          "Item2": "[5.0.3, )"
        },
        {
          "Item1": "Extended.Wpf.Toolkit",
          "Item2": "[2.8.0, )"
        },
        {
          "Item1": "Humanizer.Core",
          "Item2": "[2.4.2, )"
        },
        {
          "Item1": "UiPath",
          "Item2": "[19.4.7054.14370, )"
        }
      ]
    },
    "UiPath.Vision": {
      "Id": "UiPath.Vision",
      "Version": "1.7.0",
      "Dependencies": []
    },
    "UiPathTeam.Cognitive.Microsoft.ICR.Design": {
      "Id": "UiPathTeam.Cognitive.Microsoft.ICR.Design",
      "Version": "1.0.6814.41209",
      "Dependencies": [
        {
          "Item1": "Newtonsoft.Json",
          "Item2": "[11.0.2, )"
        }
      ]
    },
    "UiPathTeam.Cognitive.Microsoft.OCR.Design": {
      "Id": "UiPathTeam.Cognitive.Microsoft.OCR.Design",
      "Version": "1.0.6814.41316",
      "Dependencies": [
        {
          "Item1": "Newtonsoft.Json",
          "Item2": "[11.0.2, )"
        }
      ]
    },
    "UiPathTeam.Cognitive.Microsoft.SensitiveImageDesign": {
      "Id": "UiPathTeam.Cognitive.Microsoft.SensitiveImageDesign",
      "Version": "1.0.6827.19122",
      "Dependencies": [
        {
          "Item1": "Newtonsoft.Json",
          "Item2": "[11.0.2, )"
        }
      ]
    },
    "UiPathTeam.TaggingImagesDesigner": {
      "Id": "UiPathTeam.TaggingImagesDesigner",
      "Version": "1.0.6816.25126",
      "Dependencies": [
        {
          "Item1": "Newtonsoft.Json",
          "Item2": "[11.0.2, )"
        }
      ]
    }
  }
}